{"cameraMode":{"drawMode":0,"name":"Shaded","section":"Shading Mode"},"sceneLighting":true,"audioPlay":false,"sceneViewState":{"m_AlwaysRefresh":false,"showFog":true,"showSkybox":true,"showFlares":true,"showImageEffects":true,"showParticleSystems":true,"showVisualEffectGraphs":true,"m_FxEnabled":true},"in2DMode":false,"pivot":{"x":1.761920690536499,"y":2.3526294231414797,"z":1.0531927347183228},"rotation":{"x":-0.10874273627996445,"y":0.5005499720573425,"z":-0.06358501315116883,"w":-0.8564419746398926},"size":1.9850962162017823,"orthographic":false}