{"cameraMode":{"drawMode":0,"name":"Shaded","section":"Shading Mode"},"sceneLighting":true,"audioPlay":false,"sceneViewState":{"m_AlwaysRefresh":false,"showFog":true,"showSkybox":true,"showFlares":true,"showImageEffects":true,"showParticleSystems":true,"showVisualEffectGraphs":true,"m_FxEnabled":true},"in2DMode":false,"pivot":{"x":33.12192153930664,"y":25.215051651000978,"z":-26.199817657470704},"rotation":{"x":-0.22604484856128694,"y":0.3997561037540436,"z":-0.10244235396385193,"w":-0.8823209404945374},"size":0.5782485604286194,"orthographic":false}